kaggle380k-313088,yelp-94790,1
kaggle380k-154055,yelp-50225,1
kaggle380k-129733,yelp-90777,1
kaggle380k-062082,yelp-59948,0
kaggle380k-156450,yelp-45443,0
kaggle380k-376655,yelp-63637,0
kaggle380k-005063,yelp-06389,1
kaggle380k-051625,yelp-39602,0
kaggle380k-106084,yelp-98002,0
kaggle380k-016092,yelp-52689,0
kaggle380k-248769,yelp-47559,1
kaggle380k-146309,yelp-93406,1
kaggle380k-183107,yelp-10581,1
kaggle380k-316661,yelp-15601,1
kaggle380k-144978,yelp-77534,0
kaggle380k-036061,yelp-68348,0
kaggle380k-148524,yelp-93207,0
kaggle380k-094284,yelp-12982,1
kaggle380k-306612,yelp-52433,0
kaggle380k-144241,yelp-93741,0
kaggle380k-336884,yelp-86484,0
kaggle380k-081708,yelp-76088,0
kaggle380k-336287,yelp-85948,0
kaggle380k-098600,yelp-15657,0
kaggle380k-332442,yelp-20058,0
kaggle380k-013993,yelp-64138,0
kaggle380k-183649,yelp-64946,1
kaggle380k-202811,yelp-10590,0
kaggle380k-098006,yelp-67307,1
kaggle380k-350065,yelp-30627,0
kaggle380k-339495,yelp-96447,0
kaggle380k-156360,yelp-88061,0
kaggle380k-146214,yelp-87141,0
kaggle380k-140800,yelp-87260,0
kaggle380k-156472,yelp-45522,1
kaggle380k-098623,yelp-15532,1
kaggle380k-035587,yelp-43330,1
kaggle380k-133035,yelp-84863,0
kaggle380k-024274,yelp-14866,0
kaggle380k-144016,yelp-92887,1
kaggle380k-300202,yelp-39766,1
kaggle380k-332647,yelp-75938,0
kaggle380k-324472,yelp-76675,0
kaggle380k-287682,yelp-29912,1
kaggle380k-087337,yelp-14416,0
kaggle380k-209929,yelp-85407,1
kaggle380k-306706,yelp-85193,1
kaggle380k-075052,yelp-31120,1
kaggle380k-163218,yelp-45062,1
kaggle380k-072669,yelp-33982,0
kaggle380k-298639,yelp-83843,1
kaggle380k-166043,yelp-90145,1
kaggle380k-291500,yelp-91864,0
kaggle380k-066043,yelp-74612,1
kaggle380k-067769,yelp-94534,1
kaggle380k-274200,yelp-78958,0
kaggle380k-143800,yelp-86644,1
kaggle380k-048099,yelp-18683,0
kaggle380k-139602,yelp-47371,1
kaggle380k-348545,yelp-09199,1
kaggle380k-066899,yelp-86428,1
kaggle380k-174857,yelp-40716,1
kaggle380k-234877,yelp-63847,1
kaggle380k-293853,yelp-12714,0
kaggle380k-193803,yelp-23513,0
kaggle380k-283321,yelp-39466,1
kaggle380k-375438,yelp-94313,1
kaggle380k-226287,yelp-59561,0
kaggle380k-057329,yelp-46886,1
kaggle380k-366313,yelp-53020,0
kaggle380k-054762,yelp-33289,1
kaggle380k-146956,yelp-71128,0
kaggle380k-274775,yelp-08184,0
kaggle380k-130374,yelp-85250,0
kaggle380k-149829,yelp-92942,1
kaggle380k-369647,yelp-96424,0
kaggle380k-134351,yelp-85877,0
kaggle380k-044251,yelp-43622,1
kaggle380k-196889,yelp-44559,1
kaggle380k-098947,yelp-80253,0
kaggle380k-093393,yelp-20108,0
kaggle380k-379193,yelp-74298,0
kaggle380k-246384,yelp-31080,1
kaggle380k-011368,yelp-74586,0
kaggle380k-187304,yelp-16592,0
kaggle380k-309537,yelp-24312,0
kaggle380k-123813,yelp-56868,0
kaggle380k-067223,yelp-03712,1
kaggle380k-089200,yelp-83153,0
kaggle380k-244026,yelp-33538,1
kaggle380k-145462,yelp-80984,0
kaggle380k-192807,yelp-57136,0
kaggle380k-358206,yelp-22293,1
kaggle380k-032072,yelp-36830,1
kaggle380k-148295,yelp-85241,0
kaggle380k-185489,yelp-17028,1
kaggle380k-040158,yelp-69163,0
kaggle380k-065294,yelp-74683,0
kaggle380k-146655,yelp-44312,0
kaggle380k-316462,yelp-04755,1
kaggle380k-298354,yelp-87942,0
kaggle380k-115368,yelp-93758,0
kaggle380k-161938,yelp-51328,1
kaggle380k-317673,yelp-77941,1
kaggle380k-018338,yelp-94983,0
kaggle380k-035922,yelp-72329,1
kaggle380k-044271,yelp-40230,1
kaggle380k-185640,yelp-14355,0
kaggle380k-121666,yelp-07543,1
kaggle380k-118535,yelp-04010,1
kaggle380k-195294,yelp-66911,1
kaggle380k-110222,yelp-01897,1
kaggle380k-092478,yelp-09785,0
kaggle380k-322890,yelp-13634,1
kaggle380k-136506,yelp-84776,0
kaggle380k-005423,yelp-12065,0
kaggle380k-073181,yelp-25631,0
kaggle380k-146031,yelp-01268,0
kaggle380k-291016,yelp-72447,1
kaggle380k-334951,yelp-80747,0
kaggle380k-148647,yelp-80008,1
kaggle380k-009007,yelp-25834,1
kaggle380k-185058,yelp-02091,0
kaggle380k-143526,yelp-95021,0
kaggle380k-151576,yelp-71177,1
kaggle380k-153757,yelp-85685,1
kaggle380k-139292,yelp-14452,0
kaggle380k-182958,yelp-11215,1
kaggle380k-264626,yelp-67409,1
kaggle380k-212396,yelp-33987,1
kaggle380k-147288,yelp-88134,1
kaggle380k-202455,yelp-97345,1
kaggle380k-108834,yelp-32470,0
kaggle380k-219109,yelp-27140,1
kaggle380k-275050,yelp-67233,0
kaggle380k-253829,yelp-31835,1
kaggle380k-313940,yelp-14546,1
kaggle380k-094297,yelp-12919,1
kaggle380k-257895,yelp-87030,0
kaggle380k-331318,yelp-01987,1
kaggle380k-093746,yelp-17183,1
kaggle380k-037180,yelp-23451,0
kaggle380k-222468,yelp-85241,0
kaggle380k-017203,yelp-65629,1
kaggle380k-074473,yelp-96458,0
kaggle380k-314281,yelp-39778,1
kaggle380k-117892,yelp-65892,0
kaggle380k-010508,yelp-07045,0
kaggle380k-130744,yelp-88441,1
kaggle380k-151538,yelp-71302,0
kaggle380k-151924,yelp-82275,1
kaggle380k-274477,yelp-30798,1
kaggle380k-017954,yelp-08347,1
kaggle380k-114749,yelp-66635,1
kaggle380k-153841,yelp-55450,1
kaggle380k-121700,yelp-33959,0
kaggle380k-208912,yelp-80990,1
kaggle380k-084650,yelp-40233,0
kaggle380k-118719,yelp-57704,0
kaggle380k-309240,yelp-73191,0
kaggle380k-292514,yelp-30096,0
kaggle380k-196161,yelp-32355,0
kaggle380k-163549,yelp-93066,1
kaggle380k-275793,yelp-69372,1
kaggle380k-372901,yelp-16336,1
kaggle380k-145851,yelp-35294,0
kaggle380k-235149,yelp-16987,0
kaggle380k-149269,yelp-97702,0
kaggle380k-156803,yelp-41784,1
kaggle380k-304500,yelp-89093,1
kaggle380k-019437,yelp-30096,0
kaggle380k-216764,yelp-64194,1
kaggle380k-326026,yelp-66478,0
kaggle380k-242288,yelp-85181,0
kaggle380k-239448,yelp-22591,1
kaggle380k-351890,yelp-02164,1
kaggle380k-287952,yelp-86031,1
kaggle380k-317579,yelp-87591,1
kaggle380k-341717,yelp-94488,0
kaggle380k-158498,yelp-89197,0
kaggle380k-106496,yelp-37095,0
kaggle380k-255151,yelp-63799,1
kaggle380k-157521,yelp-01834,0
kaggle380k-297166,yelp-30336,0
kaggle380k-070294,yelp-69039,0
kaggle380k-317602,yelp-63152,0
kaggle380k-135746,yelp-93520,1
kaggle380k-370338,yelp-63636,0
kaggle380k-187302,yelp-17634,1
kaggle380k-047043,yelp-05815,1
kaggle380k-130327,yelp-85156,0
kaggle380k-217917,yelp-94261,0
kaggle380k-286896,yelp-89467,1
kaggle380k-144640,yelp-74419,1
kaggle380k-188877,yelp-24240,1
kaggle380k-136755,yelp-85795,1
kaggle380k-211206,yelp-23237,0
kaggle380k-202965,yelp-17601,0
kaggle380k-022302,yelp-24797,1
kaggle380k-036719,yelp-29624,1
kaggle380k-104456,yelp-38654,1
kaggle380k-275652,yelp-23810,1
kaggle380k-297124,yelp-32860,1
kaggle380k-247541,yelp-92942,1
kaggle380k-131782,yelp-90994,1
kaggle380k-313024,yelp-38654,1
kaggle380k-140281,yelp-85724,1
kaggle380k-185058,yelp-02361,0
kaggle380k-264663,yelp-43687,1
kaggle380k-246107,yelp-22224,1
kaggle380k-134195,yelp-78152,1
kaggle380k-256209,yelp-68457,1
kaggle380k-326224,yelp-03362,1
kaggle380k-140157,yelp-74114,1
kaggle380k-143846,yelp-96637,1
kaggle380k-032610,yelp-32920,1
kaggle380k-163229,yelp-34401,1
kaggle380k-224168,yelp-65897,0
kaggle380k-337839,yelp-37259,1
kaggle380k-140927,yelp-77603,0
kaggle380k-260594,yelp-88453,0
kaggle380k-147894,yelp-71997,1
kaggle380k-314839,yelp-45084,1
kaggle380k-067198,yelp-03787,1
kaggle380k-373775,yelp-62359,1
kaggle380k-159308,yelp-04944,1
kaggle380k-308248,yelp-19913,1
kaggle380k-346972,yelp-63351,1
kaggle380k-099121,yelp-18775,1
kaggle380k-213462,yelp-75747,1
kaggle380k-313593,yelp-46490,1
kaggle380k-129614,yelp-74811,1
kaggle380k-198569,yelp-27248,0
kaggle380k-020110,yelp-61524,0
kaggle380k-160356,yelp-32306,1
kaggle380k-319144,yelp-90994,1
kaggle380k-054766,yelp-33349,1
kaggle380k-241450,yelp-67991,1
kaggle380k-220776,yelp-76587,1
kaggle380k-142574,yelp-71800,1
kaggle380k-295914,yelp-63359,1
kaggle380k-051692,yelp-47981,0
kaggle380k-013987,yelp-64128,0
kaggle380k-133815,yelp-83743,1
kaggle380k-276177,yelp-91013,0
kaggle380k-368892,yelp-96086,1
kaggle380k-339555,yelp-23609,1
kaggle380k-055488,yelp-63359,1
kaggle380k-011209,yelp-18044,0
kaggle380k-215411,yelp-18775,1
kaggle380k-261862,yelp-32306,1
kaggle380k-248014,yelp-91442,1
kaggle380k-100021,yelp-16224,1
kaggle380k-235784,yelp-75774,1
kaggle380k-345388,yelp-31572,1
kaggle380k-314695,yelp-61524,0
kaggle380k-373759,yelp-62127,0
kaggle380k-133858,yelp-89678,1
kaggle380k-374780,yelp-84710,1
kaggle380k-224781,yelp-91629,1
kaggle380k-160075,yelp-67665,1
kaggle380k-236640,yelp-96086,1
kaggle380k-339900,yelp-45019,1
kaggle380k-243276,yelp-78152,1
kaggle380k-141302,yelp-77406,1
kaggle380k-187730,yelp-21257,0
kaggle380k-133776,yelp-89685,1
kaggle380k-271711,yelp-37259,1
kaggle380k-067186,yelp-23810,1
kaggle380k-032060,yelp-36898,1
kaggle380k-277216,yelp-73756,1
kaggle380k-284649,yelp-22470,1
kaggle380k-130661,yelp-88453,1
kaggle380k-139443,yelp-97509,0
kaggle380k-293980,yelp-12163,1
kaggle380k-206359,yelp-16224,1
kaggle380k-272940,yelp-71997,1
kaggle380k-005415,yelp-12607,1
kaggle380k-066270,yelp-75776,0
kaggle380k-142404,yelp-98653,1
kaggle380k-149843,yelp-91442,1
kaggle380k-267917,yelp-32306,1
kaggle380k-071706,yelp-16371,1
kaggle380k-147924,yelp-95809,1
kaggle380k-276326,yelp-33862,1
kaggle380k-377115,yelp-91013,1
kaggle380k-138483,yelp-47134,1
kaggle380k-097174,yelp-22224,1
kaggle380k-212926,yelp-96553,1
kaggle380k-289234,yelp-95932,1
kaggle380k-130666,yelp-88323,1
kaggle380k-041685,yelp-07989,1
kaggle380k-132077,yelp-90138,1
kaggle380k-039520,yelp-32306,1
kaggle380k-151966,yelp-95932,1
kaggle380k-078237,yelp-63351,1
kaggle380k-055469,yelp-63351,1
kaggle380k-199733,yelp-75713,1
kaggle380k-299780,yelp-75902,0
kaggle380k-272629,yelp-84723,1
kaggle380k-185482,yelp-16993,1
kaggle380k-333657,yelp-32346,1
kaggle380k-233009,yelp-28701,1
kaggle380k-000896,yelp-22470,1
kaggle380k-260645,yelp-65736,1
kaggle380k-332406,yelp-73951,1
kaggle380k-226636,yelp-62564,1
kaggle380k-124007,yelp-09214,1
kaggle380k-008958,yelp-02361,1
kaggle380k-211098,yelp-32860,0
kaggle380k-089081,yelp-45973,0
kaggle380k-292518,yelp-92347,1
kaggle380k-159884,yelp-32860,0
kaggle380k-091429,yelp-27248,1
kaggle380k-307761,yelp-99404,1
kaggle380k-141973,yelp-74333,1
kaggle380k-367634,yelp-43292,1
kaggle380k-257999,yelp-48454,1
kaggle380k-066364,yelp-75774,1
kaggle380k-275307,yelp-51021,1
kaggle380k-151753,yelp-86713,1
kaggle380k-131186,yelp-67991,1
kaggle380k-005042,yelp-20811,1
kaggle380k-067873,yelp-33862,1
kaggle380k-158833,yelp-43612,1
kaggle380k-219657,yelp-65054,1
kaggle380k-335563,yelp-88323,1
kaggle380k-336412,yelp-95898,1
kaggle380k-239665,yelp-62211,1
kaggle380k-265433,yelp-46965,1
kaggle380k-061383,yelp-33248,1
kaggle380k-333588,yelp-83256,1
kaggle380k-117489,yelp-19913,1
kaggle380k-035525,yelp-43292,1
kaggle380k-131779,yelp-91013,0
kaggle380k-139292,yelp-14438,1
kaggle380k-193805,yelp-42996,1
kaggle380k-147874,yelp-73148,1
kaggle380k-013460,yelp-78927,1
kaggle380k-132643,yelp-76587,1
kaggle380k-350000,yelp-69139,1
kaggle380k-350329,yelp-18775,1
kaggle380k-043551,yelp-43687,1
kaggle380k-158834,yelp-50852,1
kaggle380k-208600,yelp-83223,1
kaggle380k-148645,yelp-79938,1
kaggle380k-275283,yelp-28808,1
kaggle380k-081400,yelp-68457,1
kaggle380k-089187,yelp-49197,1
kaggle380k-268109,yelp-71800,1
kaggle380k-089155,yelp-45959,1
kaggle380k-005208,yelp-06495,1
kaggle380k-134471,yelp-38294,1
kaggle380k-140961,yelp-83223,1
kaggle380k-216891,yelp-73148,1
kaggle380k-360628,yelp-90204,1
kaggle380k-368155,yelp-02361,1
kaggle380k-203344,yelp-74811,1
kaggle380k-225405,yelp-43612,1
kaggle380k-265737,yelp-64983,1
kaggle380k-217292,yelp-04944,0
kaggle380k-308793,yelp-64128,0
kaggle380k-280420,yelp-13010,0
kaggle380k-376526,yelp-50852,1
kaggle380k-099403,yelp-03330,0
kaggle380k-192210,yelp-86793,1
kaggle380k-054766,yelp-33273,1
kaggle380k-364742,yelp-33248,1
kaggle380k-272926,yelp-33273,1
kaggle380k-130418,yelp-75902,0
kaggle380k-219449,yelp-14195,1
kaggle380k-303045,yelp-53080,0
kaggle380k-270175,yelp-74333,1
kaggle380k-033697,yelp-00423,0
kaggle380k-051705,yelp-47981,0
kaggle380k-166598,yelp-93867,1
kaggle380k-284968,yelp-16993,1
kaggle380k-010437,yelp-23564,1
kaggle380k-289239,yelp-70677,1
kaggle380k-336581,yelp-50852,1
kaggle380k-195150,yelp-74114,1
kaggle380k-092466,yelp-18516,0
kaggle380k-145938,yelp-41196,1
kaggle380k-147835,yelp-73184,1
kaggle380k-104132,yelp-65736,1
kaggle380k-340931,yelp-62211,1
kaggle380k-199481,yelp-94269,0
kaggle380k-274255,yelp-40766,1
kaggle380k-263487,yelp-74740,1
kaggle380k-032631,yelp-32860,0
kaggle380k-320651,yelp-16993,1
kaggle380k-341515,yelp-55288,0
kaggle380k-148946,yelp-91709,1
kaggle380k-326335,yelp-05299,1
kaggle380k-206779,yelp-90138,1
kaggle380k-275369,yelp-97898,1
kaggle380k-042151,yelp-59645,1
kaggle380k-204285,yelp-90268,1
kaggle380k-140759,yelp-96086,1
kaggle380k-083247,yelp-69139,1
kaggle380k-264158,yelp-14656,1
kaggle380k-127272,yelp-94269,0
kaggle380k-133868,yelp-83862,0
kaggle380k-104122,yelp-65897,1
kaggle380k-346939,yelp-97165,0
kaggle380k-288501,yelp-97509,1
kaggle380k-066879,yelp-74740,1
kaggle380k-327028,yelp-23564,1
kaggle380k-376800,yelp-03330,0
kaggle380k-221331,yelp-78927,1
kaggle380k-264747,yelp-77406,1
kaggle380k-375352,yelp-62127,1
kaggle380k-127267,yelp-92279,0
kaggle380k-287205,yelp-18775,1
kaggle380k-094226,yelp-24297,0
kaggle380k-370221,yelp-64983,1
kaggle380k-025357,yelp-03787,1
kaggle380k-033232,yelp-55288,0
kaggle380k-087338,yelp-14438,1
kaggle380k-127173,yelp-92347,1
kaggle380k-079780,yelp-16405,1
kaggle380k-370547,yelp-16371,1
kaggle380k-032311,yelp-32680,1
kaggle380k-299973,yelp-36898,1
kaggle380k-098017,yelp-88019,0
kaggle380k-307603,yelp-95809,1
kaggle380k-355511,yelp-37259,1
kaggle380k-247562,yelp-43612,1
kaggle380k-071705,yelp-14656,1
kaggle380k-305355,yelp-83862,1
kaggle380k-144657,yelp-86793,1
kaggle380k-040162,yelp-69826,1
kaggle380k-263370,yelp-88019,1
kaggle380k-317227,yelp-02361,1
kaggle380k-371707,yelp-83228,0
kaggle380k-261824,yelp-88019,0
kaggle380k-351809,yelp-72756,1
kaggle380k-037084,yelp-22470,1
kaggle380k-102389,yelp-73756,1
kaggle380k-219395,yelp-61298,1
kaggle380k-315969,yelp-43529,1
kaggle380k-065384,yelp-75713,1
kaggle380k-290066,yelp-03310,1
kaggle380k-239435,yelp-83743,1
kaggle380k-131532,yelp-97163,1
kaggle380k-115956,yelp-94457,1
kaggle380k-219173,yelp-24560,1
kaggle380k-188685,yelp-53187,1
kaggle380k-372756,yelp-67665,1
kaggle380k-033633,yelp-62564,1
kaggle380k-322173,yelp-23810,1
kaggle380k-004784,yelp-62364,1
kaggle380k-160166,yelp-43292,1
kaggle380k-093375,yelp-03310,1
kaggle380k-151890,yelp-95898,1
kaggle380k-023654,yelp-90994,1
kaggle380k-236191,yelp-82900,1
kaggle380k-018147,yelp-02356,0
kaggle380k-147812,yelp-72756,1
kaggle380k-359335,yelp-38294,1
kaggle380k-358412,yelp-18044,0
kaggle380k-277741,yelp-97122,1
kaggle380k-257658,yelp-19877,1
kaggle380k-301728,yelp-62145,1
kaggle380k-301478,yelp-75721,1
kaggle380k-119661,yelp-18775,1
kaggle380k-362521,yelp-46437,1
kaggle380k-369961,yelp-98653,1
kaggle380k-263739,yelp-47134,1
kaggle380k-044959,yelp-62127,1
kaggle380k-272926,yelp-33349,0
kaggle380k-069669,yelp-96086,1
kaggle380k-320960,yelp-96637,1
kaggle380k-159768,yelp-62211,1
kaggle380k-126767,yelp-97165,0
kaggle380k-223765,yelp-36265,1
kaggle380k-009773,yelp-16993,1
kaggle380k-200736,yelp-93867,1
kaggle380k-120457,yelp-42996,1
kaggle380k-118659,yelp-36265,1
kaggle380k-345604,yelp-28566,0
kaggle380k-242630,yelp-26025,1
kaggle380k-016877,yelp-58984,1
kaggle380k-131569,yelp-97122,1
kaggle380k-182592,yelp-28566,0
kaggle380k-023647,yelp-91013,0
kaggle380k-205747,yelp-69826,1
kaggle380k-158458,yelp-89156,0
kaggle380k-309523,yelp-79938,1
kaggle380k-338412,yelp-77603,0
kaggle380k-164257,yelp-43529,1
kaggle380k-211484,yelp-06495,1
kaggle380k-104295,yelp-51021,1
kaggle380k-126327,yelp-03362,1
kaggle380k-358511,yelp-02356,0
kaggle380k-155681,yelp-50852,1
kaggle380k-084777,yelp-49019,1
kaggle380k-066304,yelp-75747,1
kaggle380k-101095,yelp-19877,1
kaggle380k-145109,yelp-73951,1
kaggle380k-008929,yelp-02031,0
kaggle380k-261790,yelp-51189,0
kaggle380k-260344,yelp-71626,0
kaggle380k-147826,yelp-72804,0
kaggle380k-204090,yelp-04358,0
kaggle380k-337663,yelp-27792,0
kaggle380k-064740,yelp-46330,0
kaggle380k-020546,yelp-78735,0
kaggle380k-053361,yelp-98600,0
kaggle380k-264524,yelp-80653,0
kaggle380k-143891,yelp-96715,0
kaggle380k-265894,yelp-47854,0
kaggle380k-093591,yelp-68153,0
kaggle380k-128138,yelp-98969,0
kaggle380k-286617,yelp-45222,0
kaggle380k-334902,yelp-11043,0
kaggle380k-371074,yelp-08976,0
kaggle380k-030729,yelp-61581,0
kaggle380k-303720,yelp-19038,0
kaggle380k-148624,yelp-79950,0
kaggle380k-261628,yelp-00847,0
kaggle380k-298296,yelp-38652,0
kaggle380k-162423,yelp-18672,0
kaggle380k-145101,yelp-49937,0
kaggle380k-276454,yelp-45618,0
kaggle380k-130856,yelp-91587,0
kaggle380k-259336,yelp-91709,0
kaggle380k-337377,yelp-38568,0
kaggle380k-059966,yelp-47840,0
kaggle380k-324012,yelp-98224,0
kaggle380k-232230,yelp-16724,0
kaggle380k-146165,yelp-87040,0
kaggle380k-128283,yelp-72498,0
kaggle380k-352612,yelp-33452,0
kaggle380k-066906,yelp-86386,0
kaggle380k-314182,yelp-64961,0
kaggle380k-247376,yelp-85219,0
kaggle380k-365900,yelp-30171,0
kaggle380k-332975,yelp-43251,0
kaggle380k-365161,yelp-75069,0
kaggle380k-362489,yelp-15746,0
kaggle380k-125444,yelp-23064,0
kaggle380k-268202,yelp-03483,0
kaggle380k-211787,yelp-61361,0
kaggle380k-195587,yelp-70741,0
kaggle380k-010500,yelp-23566,0
kaggle380k-158447,yelp-89217,0
kaggle380k-065085,yelp-98314,0
kaggle380k-245788,yelp-05379,0
kaggle380k-142354,yelp-98612,0
kaggle380k-066310,yelp-75715,0
kaggle380k-335163,yelp-35561,0
kaggle380k-156743,yelp-41862,0
kaggle380k-195852,yelp-02035,0
kaggle380k-367805,yelp-54348,0
kaggle380k-114537,yelp-25901,0
kaggle380k-159430,yelp-00936,0
kaggle380k-309472,yelp-69910,0
kaggle380k-185615,yelp-23585,0
kaggle380k-098687,yelp-15544,0
kaggle380k-147902,yelp-71965,0
kaggle380k-047062,yelp-07186,0
kaggle380k-362533,yelp-66371,0
kaggle380k-066328,yelp-74765,0
kaggle380k-142530,yelp-71929,0
kaggle380k-102205,yelp-56589,0
kaggle380k-336486,yelp-01805,0
kaggle380k-221470,yelp-81193,0
kaggle380k-309063,yelp-35541,0
kaggle380k-292048,yelp-77362,0
kaggle380k-376875,yelp-77916,0
kaggle380k-134446,yelp-49305,0
kaggle380k-309512,yelp-79093,0
kaggle380k-097898,yelp-83681,0
kaggle380k-268336,yelp-24384,0
kaggle380k-023195,yelp-72477,0
kaggle380k-161892,yelp-36443,0
kaggle380k-269784,yelp-33738,0
kaggle380k-124038,yelp-09272,0
kaggle380k-230351,yelp-41767,0
kaggle380k-083095,yelp-38079,0
kaggle380k-212358,yelp-62022,0
kaggle380k-358454,yelp-01287,0
kaggle380k-341984,yelp-54747,0
kaggle380k-037422,yelp-33538,0
kaggle380k-306868,yelp-26998,0
kaggle380k-188123,yelp-28482,0
kaggle380k-359448,yelp-97260,0
kaggle380k-146305,yelp-93408,0
kaggle380k-062070,yelp-59962,0
kaggle380k-274924,yelp-06622,0
kaggle380k-328508,yelp-77963,0
kaggle380k-120351,yelp-38945,0
kaggle380k-104194,yelp-65753,0
kaggle380k-104690,yelp-59264,0
kaggle380k-225350,yelp-27681,0
kaggle380k-189319,yelp-59554,0
kaggle380k-068187,yelp-50688,0
kaggle380k-039588,yelp-32397,0
kaggle380k-078060,yelp-93567,0
kaggle380k-372359,yelp-32346,0
kaggle380k-017274,yelp-52066,0
kaggle380k-289407,yelp-73582,0
kaggle380k-088825,yelp-77481,0
kaggle380k-033215,yelp-33525,0
kaggle380k-294617,yelp-90946,0
kaggle380k-149741,yelp-09561,0
kaggle380k-052575,yelp-57833,0
kaggle380k-133913,yelp-98166,0
kaggle380k-003276,yelp-52601,0
kaggle380k-316755,yelp-81634,0
kaggle380k-297442,yelp-17369,0
kaggle380k-186507,yelp-16900,0
kaggle380k-215087,yelp-72867,0
kaggle380k-064797,yelp-56748,0
kaggle380k-229304,yelp-74810,0
kaggle380k-220072,yelp-26160,0
kaggle380k-225983,yelp-58397,0
kaggle380k-260066,yelp-41126,0
kaggle380k-099112,yelp-30157,0
kaggle380k-368744,yelp-94206,0
kaggle380k-219366,yelp-22628,0
kaggle380k-313752,yelp-80572,0
kaggle380k-079858,yelp-13472,0
kaggle380k-204887,yelp-90931,0
kaggle380k-145257,yelp-87620,0
kaggle380k-228111,yelp-11080,0
kaggle380k-082507,yelp-33433,0
kaggle380k-044007,yelp-21733,0
kaggle380k-337582,yelp-16661,0
kaggle380k-359246,yelp-55488,0
kaggle380k-047641,yelp-22626,0
kaggle380k-126203,yelp-50844,0
kaggle380k-294131,yelp-37043,0
kaggle380k-352245,yelp-23605,0
kaggle380k-277902,yelp-42698,0
kaggle380k-308793,yelp-64115,0
kaggle380k-181972,yelp-99413,0
kaggle380k-031428,yelp-29527,0
kaggle380k-115624,yelp-89790,0
kaggle380k-114595,yelp-04205,0
kaggle380k-085308,yelp-41210,0
kaggle380k-200682,yelp-91064,0
kaggle380k-072495,yelp-30744,0
kaggle380k-134221,yelp-41969,0
kaggle380k-362159,yelp-82150,0
kaggle380k-095270,yelp-24506,0
kaggle380k-088241,yelp-73465,0
kaggle380k-016896,yelp-37228,0
kaggle380k-322198,yelp-27528,0
kaggle380k-089055,yelp-54110,0
kaggle380k-089854,yelp-39507,0
kaggle380k-242889,yelp-21983,0
kaggle380k-161148,yelp-82305,0
kaggle380k-299387,yelp-78445,0
kaggle380k-040486,yelp-28552,0
kaggle380k-286756,yelp-27026,0
kaggle380k-008960,yelp-25865,0
kaggle380k-104205,yelp-65841,0
kaggle380k-268272,yelp-97895,0
kaggle380k-148899,yelp-91699,0
kaggle380k-373797,yelp-46714,0
kaggle380k-186507,yelp-61665,0
kaggle380k-156536,yelp-50012,0
kaggle380k-266103,yelp-21544,0
kaggle380k-059531,yelp-94117,0
kaggle380k-234548,yelp-07980,0
kaggle380k-343096,yelp-50452,0
kaggle380k-264685,yelp-50464,0
kaggle380k-042053,yelp-80502,0
kaggle380k-234869,yelp-24886,0
kaggle380k-200325,yelp-13365,0
kaggle380k-158468,yelp-86062,0
kaggle380k-291421,yelp-83223,0
kaggle380k-017036,yelp-31278,0
kaggle380k-357513,yelp-23467,0
kaggle380k-002819,yelp-92435,0
kaggle380k-338795,yelp-91410,0
kaggle380k-241105,yelp-06549,0
kaggle380k-238560,yelp-47837,0
kaggle380k-323633,yelp-02076,0
kaggle380k-060823,yelp-71513,0
kaggle380k-249011,yelp-81078,0
kaggle380k-252180,yelp-22055,0
kaggle380k-272198,yelp-30934,0
kaggle380k-221272,yelp-35594,0
kaggle380k-120140,yelp-47721,0
kaggle380k-259296,yelp-35572,0
kaggle380k-156358,yelp-67332,0
kaggle380k-089629,yelp-73140,0
kaggle380k-056766,yelp-27552,0
kaggle380k-370245,yelp-93744,0
kaggle380k-358978,yelp-86803,0
kaggle380k-339790,yelp-51726,0
kaggle380k-360907,yelp-12607,0
kaggle380k-145762,yelp-99081,0
kaggle380k-264719,yelp-07406,0
kaggle380k-158456,yelp-86085,0
kaggle380k-143733,yelp-86563,0
kaggle380k-231390,yelp-74462,0
kaggle380k-095314,yelp-15745,0
kaggle380k-271821,yelp-05849,0
kaggle380k-352753,yelp-69912,0
kaggle380k-091031,yelp-15632,0
kaggle380k-254964,yelp-02016,0
kaggle380k-122154,yelp-22104,0
kaggle380k-221272,yelp-35548,0
kaggle380k-338447,yelp-06513,0
kaggle380k-308447,yelp-33282,0
kaggle380k-353867,yelp-58191,0
kaggle380k-330058,yelp-67054,0
kaggle380k-025016,yelp-88864,0
kaggle380k-147847,yelp-77496,0
kaggle380k-211439,yelp-70085,0
kaggle380k-047105,yelp-07191,0
kaggle380k-268392,yelp-29711,0
kaggle380k-286401,yelp-73994,0
kaggle380k-160361,yelp-32404,0
kaggle380k-285186,yelp-02350,0
kaggle380k-023085,yelp-11580,0
kaggle380k-048160,yelp-18693,0
kaggle380k-326889,yelp-36979,0
kaggle380k-069680,yelp-70100,0
kaggle380k-067072,yelp-45132,0
kaggle380k-236453,yelp-74644,0
kaggle380k-360612,yelp-65843,0
kaggle380k-158443,yelp-21601,0
kaggle380k-283943,yelp-30421,0
kaggle380k-008463,yelp-21218,0
kaggle380k-352014,yelp-08052,0
kaggle380k-268171,yelp-62616,0
kaggle380k-196873,yelp-34504,0
kaggle380k-145853,yelp-40108,0
kaggle380k-125524,yelp-23064,0
kaggle380k-212553,yelp-97139,0
kaggle380k-356348,yelp-52982,0
kaggle380k-101089,yelp-19838,0
kaggle380k-252950,yelp-79797,0
kaggle380k-016502,yelp-19817,0
kaggle380k-257345,yelp-84807,0
kaggle380k-038072,yelp-34420,0
kaggle380k-089257,yelp-49067,0
kaggle380k-093798,yelp-23239,0
kaggle380k-129051,yelp-00932,0
kaggle380k-224057,yelp-76455,0
kaggle380k-325650,yelp-44462,0
kaggle380k-375359,yelp-39945,0
kaggle380k-210157,yelp-23370,0
kaggle380k-374001,yelp-37606,0
kaggle380k-270289,yelp-12236,0
kaggle380k-204846,yelp-40246,0
kaggle380k-216173,yelp-79176,0
kaggle380k-268650,yelp-74517,0
kaggle380k-353644,yelp-79134,0
kaggle380k-250656,yelp-76304,0
kaggle380k-157294,yelp-50193,0
kaggle380k-163233,yelp-34274,0
kaggle380k-258551,yelp-52646,0
kaggle380k-296300,yelp-29739,0
kaggle380k-095223,yelp-27813,0
kaggle380k-330551,yelp-33869,0
kaggle380k-250518,yelp-17664,0
kaggle380k-274695,yelp-77338,0
kaggle380k-098670,yelp-15644,0
kaggle380k-309862,yelp-46459,0
kaggle380k-067624,yelp-41338,0
kaggle380k-280236,yelp-28503,0
kaggle380k-185123,yelp-25836,0
kaggle380k-200464,yelp-69464,0
kaggle380k-206903,yelp-35571,0
kaggle380k-222794,yelp-39498,0
kaggle380k-019699,yelp-62013,0
kaggle380k-206513,yelp-83193,0
kaggle380k-316363,yelp-66911,0
kaggle380k-021551,yelp-60698,0
kaggle380k-255922,yelp-59554,0
kaggle380k-330456,yelp-19462,0
kaggle380k-158480,yelp-89153,0
kaggle380k-296269,yelp-66537,0
kaggle380k-280357,yelp-26998,0
kaggle380k-008516,yelp-21204,0
kaggle380k-210687,yelp-76139,0
kaggle380k-267418,yelp-59737,0
kaggle380k-194344,yelp-19418,0
kaggle380k-240771,yelp-38270,0
kaggle380k-113506,yelp-39524,0
kaggle380k-136183,yelp-01950,0
kaggle380k-039591,yelp-35569,0
kaggle380k-363757,yelp-87062,0
kaggle380k-129326,yelp-57279,0
kaggle380k-132487,yelp-99440,0
kaggle380k-076988,yelp-38288,0
kaggle380k-163527,yelp-21870,0
kaggle380k-336355,yelp-80465,0
kaggle380k-255160,yelp-18640,0
kaggle380k-203695,yelp-23709,0
kaggle380k-008986,yelp-25800,0
kaggle380k-039520,yelp-32387,0
kaggle380k-187729,yelp-21336,0
kaggle380k-240367,yelp-79662,0
kaggle380k-076110,yelp-04753,0
kaggle380k-317557,yelp-36101,0
kaggle380k-116463,yelp-99388,0
kaggle380k-218985,yelp-17631,0
kaggle380k-145978,yelp-02528,0
kaggle380k-060801,yelp-82052,0
kaggle380k-039565,yelp-35546,0
kaggle380k-037494,yelp-33602,0
kaggle380k-185055,yelp-02374,0
kaggle380k-192005,yelp-44985,0
kaggle380k-243492,yelp-34149,0
kaggle380k-230768,yelp-09713,0
kaggle380k-005023,yelp-12691,0
kaggle380k-292653,yelp-02368,0
kaggle380k-215802,yelp-27375,0
kaggle380k-185402,yelp-28264,0
kaggle380k-261774,yelp-23909,0
kaggle380k-038122,yelp-60432,0
kaggle380k-378074,yelp-60454,0
kaggle380k-379505,yelp-07944,0
kaggle380k-374216,yelp-27011,0
kaggle380k-039565,yelp-35541,0
kaggle380k-151922,yelp-82207,0
kaggle380k-310730,yelp-97847,0
kaggle380k-342041,yelp-33612,0
kaggle380k-275783,yelp-91474,0
kaggle380k-127545,yelp-52703,0
kaggle380k-135409,yelp-76742,0
kaggle380k-313651,yelp-75111,0
kaggle380k-093201,yelp-64392,0
kaggle380k-251310,yelp-78945,0
kaggle380k-043535,yelp-43604,0
kaggle380k-062122,yelp-47710,0
kaggle380k-278956,yelp-86116,0
kaggle380k-093925,yelp-24087,0
kaggle380k-255497,yelp-32397,0
kaggle380k-283722,yelp-82805,0
kaggle380k-148465,yelp-93259,0
kaggle380k-183236,yelp-79176,0
kaggle380k-285752,yelp-80021,0
kaggle380k-130768,yelp-91586,0
kaggle380k-373722,yelp-14361,0
kaggle380k-197200,yelp-32408,0
kaggle380k-219089,yelp-15923,0
kaggle380k-155064,yelp-02608,0
kaggle380k-321960,yelp-94548,0
kaggle380k-378260,yelp-35578,0
kaggle380k-213330,yelp-89777,0
kaggle380k-023621,yelp-90982,0
kaggle380k-261433,yelp-61971,0
kaggle380k-136061,yelp-03816,0
kaggle380k-335727,yelp-45222,0
kaggle380k-311697,yelp-73740,0
kaggle380k-079773,yelp-16409,0
kaggle380k-133544,yelp-99422,0
kaggle380k-093221,yelp-66805,0
kaggle380k-088160,yelp-73437,0
kaggle380k-270897,yelp-02031,0
kaggle380k-017123,yelp-65689,0
kaggle380k-372170,yelp-90931,0
kaggle380k-322999,yelp-13003,0
kaggle380k-361016,yelp-64564,0
kaggle380k-013203,yelp-76849,0
kaggle380k-110344,yelp-26998,0
kaggle380k-156192,yelp-33813,0
kaggle380k-317104,yelp-92568,0
kaggle380k-146965,yelp-77802,0
kaggle380k-202104,yelp-86891,0
kaggle380k-341838,yelp-07720,0
kaggle380k-276332,yelp-68548,0
kaggle380k-022430,yelp-64906,0
kaggle380k-108978,yelp-38937,0
kaggle380k-240167,yelp-07587,0
kaggle380k-329234,yelp-08730,0
kaggle380k-362820,yelp-83223,0
kaggle380k-274678,yelp-27210,0
kaggle380k-160351,yelp-35571,0
kaggle380k-281305,yelp-73367,0
kaggle380k-291365,yelp-73415,0
kaggle380k-345702,yelp-94935,0
kaggle380k-157764,yelp-48589,0
kaggle380k-210989,yelp-80611,0
kaggle380k-262850,yelp-36992,0
kaggle380k-278082,yelp-90914,0
kaggle380k-192851,yelp-07608,0
kaggle380k-130423,yelp-75908,0
kaggle380k-069117,yelp-25561,0
kaggle380k-060920,yelp-19140,0
kaggle380k-146287,yelp-93295,0
kaggle380k-354525,yelp-70997,0
kaggle380k-227899,yelp-70484,0
kaggle380k-358850,yelp-07682,0
kaggle380k-290436,yelp-91393,0
kaggle380k-333445,yelp-17953,0
kaggle380k-277964,yelp-35198,0
kaggle380k-338829,yelp-65941,0
kaggle380k-330339,yelp-08630,0
kaggle380k-209272,yelp-90906,0
kaggle380k-137062,yelp-37526,0
kaggle380k-131728,yelp-72867,0
kaggle380k-327722,yelp-12150,0
kaggle380k-021487,yelp-26450,0
kaggle380k-187425,yelp-70452,0
kaggle380k-093219,yelp-64399,0
kaggle380k-081372,yelp-35517,0
kaggle380k-071740,yelp-09364,0
kaggle380k-346377,yelp-06638,0
kaggle380k-058864,yelp-83431,0
kaggle380k-250526,yelp-86487,0
kaggle380k-333392,yelp-04935,0
kaggle380k-282325,yelp-89176,0
kaggle380k-134340,yelp-87334,0
kaggle380k-099083,yelp-95546,0
kaggle380k-287103,yelp-34227,0
kaggle380k-326227,yelp-89153,0
kaggle380k-045781,yelp-43436,0
kaggle380k-094781,yelp-27552,0
kaggle380k-318640,yelp-87648,0
kaggle380k-161053,yelp-04066,0
kaggle380k-294929,yelp-93310,0
kaggle380k-013149,yelp-08685,0
kaggle380k-073269,yelp-03491,0
kaggle380k-049974,yelp-53892,0
kaggle380k-015769,yelp-21550,0
kaggle380k-008511,yelp-21226,0
kaggle380k-138176,yelp-18751,0
kaggle380k-139433,yelp-79501,0
kaggle380k-188723,yelp-45282,0
kaggle380k-261559,yelp-97874,0
kaggle380k-130390,yelp-75866,0
kaggle380k-158443,yelp-89166,0
kaggle380k-295618,yelp-64379,0
kaggle380k-270897,yelp-01990,0
kaggle380k-257892,yelp-13606,0
kaggle380k-008458,yelp-21222,0
kaggle380k-066942,yelp-74723,0
kaggle380k-260993,yelp-82341,0
kaggle380k-350549,yelp-35574,0
kaggle380k-185060,yelp-25854,0
kaggle380k-340145,yelp-42825,0
kaggle380k-222619,yelp-33454,0
kaggle380k-000917,yelp-23468,0
kaggle380k-039562,yelp-32310,0
kaggle380k-260845,yelp-03475,0
kaggle380k-329681,yelp-35895,0
kaggle380k-127241,yelp-92291,0
kaggle380k-140742,yelp-49156,0
kaggle380k-239381,yelp-07781,0
kaggle380k-008926,yelp-02091,0
kaggle380k-215697,yelp-61658,0
kaggle380k-118694,yelp-57698,0
kaggle380k-233888,yelp-35556,0
kaggle380k-191950,yelp-61686,0
kaggle380k-187430,yelp-72374,0
kaggle380k-065836,yelp-37383,0
kaggle380k-089059,yelp-44902,0
kaggle380k-366522,yelp-33575,0
kaggle380k-212694,yelp-65857,0
kaggle380k-073694,yelp-74788,0
kaggle380k-303189,yelp-04979,0
kaggle380k-199246,yelp-36269,0
kaggle380k-132063,yelp-00487,0
kaggle380k-092136,yelp-63268,0
kaggle380k-187418,yelp-72486,0
kaggle380k-087351,yelp-14386,0
kaggle380k-098689,yelp-15532,0
kaggle380k-259249,yelp-28361,0
kaggle380k-145019,yelp-86839,0
kaggle380k-022462,yelp-64965,0
kaggle380k-265021,yelp-86791,0
kaggle380k-097392,yelp-54143,0
kaggle380k-248624,yelp-51851,0
kaggle380k-243699,yelp-56955,0
kaggle380k-037251,yelp-78579,0
kaggle380k-039560,yelp-32352,0
kaggle380k-239234,yelp-12559,0
kaggle380k-114679,yelp-66640,0
kaggle380k-088150,yelp-73420,0
kaggle380k-199217,yelp-11647,0
kaggle380k-353687,yelp-72779,0
kaggle380k-355480,yelp-26998,0
kaggle380k-362204,yelp-07592,0
kaggle380k-065043,yelp-87786,0
kaggle380k-060779,yelp-82054,0
kaggle380k-074511,yelp-00173,0
kaggle380k-220117,yelp-13550,0
kaggle380k-200830,yelp-02094,0
kaggle380k-130835,yelp-98558,0
kaggle380k-221538,yelp-74375,0
kaggle380k-290159,yelp-26998,0
kaggle380k-240375,yelp-25854,0
kaggle380k-005825,yelp-24704,0
kaggle380k-074985,yelp-31088,0
kaggle380k-297815,yelp-82137,0
kaggle380k-292369,yelp-89201,0
kaggle380k-364623,yelp-92607,0
kaggle380k-374010,yelp-89434,0
kaggle380k-270526,yelp-27769,0
kaggle380k-118580,yelp-16320,0
kaggle380k-376359,yelp-17407,0
